gender,T1_Attribute,T2_Attribute,T3_Attribute,T4_Attribute
M,0.433290433,0.210639211,0.185757186,0.17031317
F,0.371359223,0.235436893,0.233009709,0.160194175